"ID","NAME","SURNAME"
"1638013619842","nameInsert","surnameInsert"
"1638013629217","nameInsert","surnameInsert"
"1638014221554","nameGetById","surnameGetById"
"1638014221731","nameInsert","surnameInsert"
"1638014221765","nameSelect","surnameSelect"
"1638014221800","nameUpdate98","surnameUpdate98"
"1638019835237","nameGetById","surnameGetById"
"1638019835755","nameInsert","surnameInsert"
"1638019835792","nameSelect","surnameSelect"
"1638019835822","nameUpdate98","surnameUpdate98"
"1638359485031","nameInsert","surnameInsert"
"1638359504280","nameInsert","surnameInsert"
"1638359873623","nameInsert","surnameInsert"
